-- MySQL dump 10.13  Distrib 8.0.45, for Win64 (x86_64)
--
-- Host: localhost    Database: sportswear_shop_db
-- ------------------------------------------------------
-- Server version	8.0.45

/*!40101 SET @OLD_CHARACTER_SET_CLIENT=@@CHARACTER_SET_CLIENT */;
/*!40101 SET @OLD_CHARACTER_SET_RESULTS=@@CHARACTER_SET_RESULTS */;
/*!40101 SET @OLD_COLLATION_CONNECTION=@@COLLATION_CONNECTION */;
/*!50503 SET NAMES utf8 */;
/*!40103 SET @OLD_TIME_ZONE=@@TIME_ZONE */;
/*!40103 SET TIME_ZONE='+00:00' */;
/*!40014 SET @OLD_UNIQUE_CHECKS=@@UNIQUE_CHECKS, UNIQUE_CHECKS=0 */;
/*!40014 SET @OLD_FOREIGN_KEY_CHECKS=@@FOREIGN_KEY_CHECKS, FOREIGN_KEY_CHECKS=0 */;
/*!40101 SET @OLD_SQL_MODE=@@SQL_MODE, SQL_MODE='NO_AUTO_VALUE_ON_ZERO' */;
/*!40111 SET @OLD_SQL_NOTES=@@SQL_NOTES, SQL_NOTES=0 */;

--
-- Table structure for table `brands`
--

DROP TABLE IF EXISTS `brands`;
/*!40101 SET @saved_cs_client     = @@character_set_client */;
/*!50503 SET character_set_client = utf8mb4 */;
CREATE TABLE `brands` (
  `id` bigint NOT NULL AUTO_INCREMENT,
  `active` bit(1) NOT NULL,
  `created_at` datetime(6) DEFAULT NULL,
  `description` varchar(255) COLLATE utf8mb4_unicode_ci DEFAULT NULL,
  `logo_url` varchar(255) COLLATE utf8mb4_unicode_ci DEFAULT NULL,
  `name` varchar(255) COLLATE utf8mb4_unicode_ci NOT NULL,
  `updated_at` datetime(6) DEFAULT NULL,
  PRIMARY KEY (`id`),
  UNIQUE KEY `UKoce3937d2f4mpfqrycbr0l93m` (`name`)
) ENGINE=InnoDB AUTO_INCREMENT=6 DEFAULT CHARSET=utf8mb4 COLLATE=utf8mb4_unicode_ci;
/*!40101 SET character_set_client = @saved_cs_client */;

--
-- Dumping data for table `brands`
--

LOCK TABLES `brands` WRITE;
/*!40000 ALTER TABLE `brands` DISABLE KEYS */;
INSERT INTO `brands` VALUES (1,_binary '','2026-05-30 19:05:28.888138','ThŲ░ŲĪng hiß╗ću Nike',NULL,'Nike','2026-05-30 19:05:28.888138'),(2,_binary '','2026-05-30 19:05:28.975296','ThŲ░ŲĪng hiß╗ću Adidas',NULL,'Adidas','2026-05-30 19:05:28.975296'),(3,_binary '','2026-05-30 19:05:28.986915','ThŲ░ŲĪng hiß╗ću Puma',NULL,'Puma','2026-05-30 19:05:28.986915'),(4,_binary '','2026-05-30 19:05:28.998474','ThŲ░ŲĪng hiß╗ću Under Armour',NULL,'Under Armour','2026-05-30 19:05:28.998474'),(5,_binary '','2026-05-30 19:05:29.012536','ThŲ░ŲĪng hiß╗ću Reebok',NULL,'Reebok','2026-05-30 19:05:29.012536');
/*!40000 ALTER TABLE `brands` ENABLE KEYS */;
UNLOCK TABLES;

--
-- Table structure for table `cart_items`
--

DROP TABLE IF EXISTS `cart_items`;
/*!40101 SET @saved_cs_client     = @@character_set_client */;
/*!50503 SET character_set_client = utf8mb4 */;
CREATE TABLE `cart_items` (
  `id` bigint NOT NULL AUTO_INCREMENT,
  `cart_id` bigint NOT NULL,
  `product_id` bigint NOT NULL,
  `variant_id` bigint NOT NULL,
  `quantity` int NOT NULL,
  `price_at_time` decimal(12,2) NOT NULL,
  `created_at` timestamp NULL DEFAULT CURRENT_TIMESTAMP,
  `updated_at` timestamp NULL DEFAULT CURRENT_TIMESTAMP ON UPDATE CURRENT_TIMESTAMP,
  PRIMARY KEY (`id`),
  KEY `cart_id` (`cart_id`),
  KEY `product_id` (`product_id`),
  KEY `variant_id` (`variant_id`),
  CONSTRAINT `cart_items_ibfk_1` FOREIGN KEY (`cart_id`) REFERENCES `carts` (`id`) ON DELETE CASCADE,
  CONSTRAINT `cart_items_ibfk_2` FOREIGN KEY (`product_id`) REFERENCES `products` (`id`) ON DELETE CASCADE,
  CONSTRAINT `cart_items_ibfk_3` FOREIGN KEY (`variant_id`) REFERENCES `product_variants` (`id`) ON DELETE CASCADE,
  CONSTRAINT `cart_items_chk_1` CHECK ((`quantity` > 0))
) ENGINE=InnoDB AUTO_INCREMENT=6 DEFAULT CHARSET=utf8mb4 COLLATE=utf8mb4_unicode_ci;
/*!40101 SET character_set_client = @saved_cs_client */;

--
-- Dumping data for table `cart_items`
--

LOCK TABLES `cart_items` WRITE;
/*!40000 ALTER TABLE `cart_items` DISABLE KEYS */;
/*!40000 ALTER TABLE `cart_items` ENABLE KEYS */;
UNLOCK TABLES;

--
-- Table structure for table `carts`
--

DROP TABLE IF EXISTS `carts`;
/*!40101 SET @saved_cs_client     = @@character_set_client */;
/*!50503 SET character_set_client = utf8mb4 */;
CREATE TABLE `carts` (
  `id` bigint NOT NULL AUTO_INCREMENT,
  `user_id` bigint NOT NULL,
  `updated_at` timestamp NULL DEFAULT CURRENT_TIMESTAMP ON UPDATE CURRENT_TIMESTAMP,
  PRIMARY KEY (`id`),
  UNIQUE KEY `user_id` (`user_id`),
  CONSTRAINT `carts_ibfk_1` FOREIGN KEY (`user_id`) REFERENCES `users` (`id`) ON DELETE CASCADE
) ENGINE=InnoDB AUTO_INCREMENT=7 DEFAULT CHARSET=utf8mb4 COLLATE=utf8mb4_unicode_ci;
/*!40101 SET character_set_client = @saved_cs_client */;

--
-- Dumping data for table `carts`
--

LOCK TABLES `carts` WRITE;
/*!40000 ALTER TABLE `carts` DISABLE KEYS */;
INSERT INTO `carts` VALUES (6,4,'2026-05-28 12:07:00');
/*!40000 ALTER TABLE `carts` ENABLE KEYS */;
UNLOCK TABLES;

--
-- Table structure for table `categories`
--

DROP TABLE IF EXISTS `categories`;
/*!40101 SET @saved_cs_client     = @@character_set_client */;
/*!50503 SET character_set_client = utf8mb4 */;
CREATE TABLE `categories` (
  `id` bigint NOT NULL AUTO_INCREMENT,
  `name` varchar(100) COLLATE utf8mb4_unicode_ci NOT NULL,
  `slug` varchar(150) COLLATE utf8mb4_unicode_ci NOT NULL,
  `description` text COLLATE utf8mb4_unicode_ci,
  `active` tinyint(1) DEFAULT '1',
  `created_at` timestamp NULL DEFAULT CURRENT_TIMESTAMP,
  `updated_at` timestamp NULL DEFAULT CURRENT_TIMESTAMP ON UPDATE CURRENT_TIMESTAMP,
  PRIMARY KEY (`id`),
  UNIQUE KEY `slug` (`slug`)
) ENGINE=InnoDB AUTO_INCREMENT=9 DEFAULT CHARSET=utf8mb4 COLLATE=utf8mb4_unicode_ci;
/*!40101 SET character_set_client = @saved_cs_client */;

--
-- Dumping data for table `categories`
--

LOCK TABLES `categories` WRITE;
/*!40000 ALTER TABLE `categories` DISABLE KEYS */;
INSERT INTO `categories` VALUES (6,'├üo Thun Thß╗ā Thao','o-thun-th-thao','├üo thun cao cß║źp',1,'2026-05-27 12:40:01','2026-05-27 12:40:01'),(8,'├üo Thun Nike Dri-FIT','o-thun-nike-dri-fit','├üo thun thß╗ā thao cao cß║źp',1,'2026-05-31 12:35:46','2026-05-31 12:35:46');
/*!40000 ALTER TABLE `categories` ENABLE KEYS */;
UNLOCK TABLES;

--
-- Table structure for table `order_items`
--

DROP TABLE IF EXISTS `order_items`;
/*!40101 SET @saved_cs_client     = @@character_set_client */;
/*!50503 SET character_set_client = utf8mb4 */;
CREATE TABLE `order_items` (
  `id` bigint NOT NULL AUTO_INCREMENT,
  `order_id` bigint NOT NULL,
  `product_id` bigint NOT NULL,
  `variant_id` bigint NOT NULL,
  `quantity` int NOT NULL,
  `price_at_time` decimal(12,2) NOT NULL,
  `product_name` varchar(200) COLLATE utf8mb4_unicode_ci NOT NULL,
  `size` varchar(20) COLLATE utf8mb4_unicode_ci NOT NULL,
  `color` varchar(50) COLLATE utf8mb4_unicode_ci NOT NULL,
  PRIMARY KEY (`id`),
  KEY `order_id` (`order_id`),
  KEY `product_id` (`product_id`),
  KEY `variant_id` (`variant_id`),
  CONSTRAINT `order_items_ibfk_1` FOREIGN KEY (`order_id`) REFERENCES `orders` (`id`) ON DELETE CASCADE,
  CONSTRAINT `order_items_ibfk_2` FOREIGN KEY (`product_id`) REFERENCES `products` (`id`),
  CONSTRAINT `order_items_ibfk_3` FOREIGN KEY (`variant_id`) REFERENCES `product_variants` (`id`)
) ENGINE=InnoDB AUTO_INCREMENT=4 DEFAULT CHARSET=utf8mb4 COLLATE=utf8mb4_unicode_ci;
/*!40101 SET character_set_client = @saved_cs_client */;

--
-- Dumping data for table `order_items`
--

LOCK TABLES `order_items` WRITE;
/*!40000 ALTER TABLE `order_items` DISABLE KEYS */;
INSERT INTO `order_items` VALUES (3,3,3,2,2,299000.00,'├üo Thun Nike','S','─Éen');
/*!40000 ALTER TABLE `order_items` ENABLE KEYS */;
UNLOCK TABLES;

--
-- Table structure for table `order_statuses`
--

DROP TABLE IF EXISTS `order_statuses`;
/*!40101 SET @saved_cs_client     = @@character_set_client */;
/*!50503 SET character_set_client = utf8mb4 */;
CREATE TABLE `order_statuses` (
  `id` bigint NOT NULL AUTO_INCREMENT,
  `name` varchar(50) COLLATE utf8mb4_unicode_ci NOT NULL,
  `description` varchar(255) COLLATE utf8mb4_unicode_ci DEFAULT NULL,
  PRIMARY KEY (`id`),
  UNIQUE KEY `name` (`name`)
) ENGINE=InnoDB AUTO_INCREMENT=8 DEFAULT CHARSET=utf8mb4 COLLATE=utf8mb4_unicode_ci;
/*!40101 SET character_set_client = @saved_cs_client */;

--
-- Dumping data for table `order_statuses`
--

LOCK TABLES `order_statuses` WRITE;
/*!40000 ALTER TABLE `order_statuses` DISABLE KEYS */;
INSERT INTO `order_statuses` VALUES (1,'PENDING','Trß║Īng th├Īi ─æŲĪn h├Āng: PENDING'),(2,'CONFIRMED','Trß║Īng th├Īi ─æŲĪn h├Āng: CONFIRMED'),(3,'PROCESSING','Trß║Īng th├Īi ─æŲĪn h├Āng: PROCESSING'),(4,'SHIPPED','Trß║Īng th├Īi ─æŲĪn h├Āng: SHIPPED'),(5,'DELIVERED','Trß║Īng th├Īi ─æŲĪn h├Āng: DELIVERED'),(6,'CANCELLED','Trß║Īng th├Īi ─æŲĪn h├Āng: CANCELLED'),(7,'REFUNDED','Trß║Īng th├Īi ─æŲĪn h├Āng: REFUNDED');
/*!40000 ALTER TABLE `order_statuses` ENABLE KEYS */;
UNLOCK TABLES;

--
-- Table structure for table `orders`
--

DROP TABLE IF EXISTS `orders`;
/*!40101 SET @saved_cs_client     = @@character_set_client */;
/*!50503 SET character_set_client = utf8mb4 */;
CREATE TABLE `orders` (
  `id` bigint NOT NULL AUTO_INCREMENT,
  `user_id` bigint NOT NULL,
  `total_amount` decimal(12,2) NOT NULL,
  `shipping_info` json DEFAULT NULL,
  `order_status_id` bigint NOT NULL,
  `payment_method_id` bigint NOT NULL,
  `payment_status_id` bigint NOT NULL,
  `created_at` timestamp NULL DEFAULT CURRENT_TIMESTAMP,
  `updated_at` timestamp NULL DEFAULT CURRENT_TIMESTAMP ON UPDATE CURRENT_TIMESTAMP,
  PRIMARY KEY (`id`),
  KEY `user_id` (`user_id`),
  KEY `order_status_id` (`order_status_id`),
  KEY `payment_method_id` (`payment_method_id`),
  KEY `payment_status_id` (`payment_status_id`),
  CONSTRAINT `orders_ibfk_1` FOREIGN KEY (`user_id`) REFERENCES `users` (`id`) ON DELETE RESTRICT,
  CONSTRAINT `orders_ibfk_2` FOREIGN KEY (`order_status_id`) REFERENCES `order_statuses` (`id`),
  CONSTRAINT `orders_ibfk_3` FOREIGN KEY (`payment_method_id`) REFERENCES `payment_methods` (`id`),
  CONSTRAINT `orders_ibfk_4` FOREIGN KEY (`payment_status_id`) REFERENCES `payment_statuses` (`id`)
) ENGINE=InnoDB AUTO_INCREMENT=4 DEFAULT CHARSET=utf8mb4 COLLATE=utf8mb4_unicode_ci;
/*!40101 SET character_set_client = @saved_cs_client */;

--
-- Dumping data for table `orders`
--

LOCK TABLES `orders` WRITE;
/*!40000 ALTER TABLE `orders` DISABLE KEYS */;
INSERT INTO `orders` VALUES (3,4,598000.00,'{\"note\": \"Giao giß╗Ø h├Ānh ch├Łnh\", \"phone\": \"0123456789\", \"address\": \"123 ─ÉŲ░ß╗Øng L├¬ Lß╗Żi, Quß║Łn 1, TP.HCM\", \"fullName\": \"Nguyß╗ģn V─ān Khß║Żi\"}',5,1,1,'2026-05-28 15:40:20','2026-05-31 12:48:12');
/*!40000 ALTER TABLE `orders` ENABLE KEYS */;
UNLOCK TABLES;

--
-- Table structure for table `payment_methods`
--

DROP TABLE IF EXISTS `payment_methods`;
/*!40101 SET @saved_cs_client     = @@character_set_client */;
/*!50503 SET character_set_client = utf8mb4 */;
CREATE TABLE `payment_methods` (
  `id` bigint NOT NULL AUTO_INCREMENT,
  `name` varchar(50) COLLATE utf8mb4_unicode_ci NOT NULL,
  `description` varchar(255) COLLATE utf8mb4_unicode_ci DEFAULT NULL,
  PRIMARY KEY (`id`),
  UNIQUE KEY `name` (`name`)
) ENGINE=InnoDB AUTO_INCREMENT=5 DEFAULT CHARSET=utf8mb4 COLLATE=utf8mb4_unicode_ci;
/*!40101 SET character_set_client = @saved_cs_client */;

--
-- Dumping data for table `payment_methods`
--

LOCK TABLES `payment_methods` WRITE;
/*!40000 ALTER TABLE `payment_methods` DISABLE KEYS */;
INSERT INTO `payment_methods` VALUES (1,'COD','PhŲ░ŲĪng thß╗®c thanh to├Īn: COD'),(2,'MOMO','PhŲ░ŲĪng thß╗®c thanh to├Īn: MOMO'),(3,'VNPAY','PhŲ░ŲĪng thß╗®c thanh to├Īn: VNPAY'),(4,'BANK_TRANSFER','PhŲ░ŲĪng thß╗®c thanh to├Īn: BANK_TRANSFER');
/*!40000 ALTER TABLE `payment_methods` ENABLE KEYS */;
UNLOCK TABLES;

--
-- Table structure for table `payment_statuses`
--

DROP TABLE IF EXISTS `payment_statuses`;
/*!40101 SET @saved_cs_client     = @@character_set_client */;
/*!50503 SET character_set_client = utf8mb4 */;
CREATE TABLE `payment_statuses` (
  `id` bigint NOT NULL AUTO_INCREMENT,
  `name` varchar(50) COLLATE utf8mb4_unicode_ci NOT NULL,
  `description` varchar(255) COLLATE utf8mb4_unicode_ci DEFAULT NULL,
  PRIMARY KEY (`id`),
  UNIQUE KEY `name` (`name`)
) ENGINE=InnoDB AUTO_INCREMENT=5 DEFAULT CHARSET=utf8mb4 COLLATE=utf8mb4_unicode_ci;
/*!40101 SET character_set_client = @saved_cs_client */;

--
-- Dumping data for table `payment_statuses`
--

LOCK TABLES `payment_statuses` WRITE;
/*!40000 ALTER TABLE `payment_statuses` DISABLE KEYS */;
INSERT INTO `payment_statuses` VALUES (1,'PENDING','Trß║Īng th├Īi thanh to├Īn: PENDING'),(2,'PAID','Trß║Īng th├Īi thanh to├Īn: PAID'),(3,'FAILED','Trß║Īng th├Īi thanh to├Īn: FAILED'),(4,'REFUNDED','Trß║Īng th├Īi thanh to├Īn: REFUNDED');
/*!40000 ALTER TABLE `payment_statuses` ENABLE KEYS */;
UNLOCK TABLES;

--
-- Table structure for table `product_variants`
--

DROP TABLE IF EXISTS `product_variants`;
/*!40101 SET @saved_cs_client     = @@character_set_client */;
/*!50503 SET character_set_client = utf8mb4 */;
CREATE TABLE `product_variants` (
  `id` bigint NOT NULL AUTO_INCREMENT,
  `product_id` bigint NOT NULL,
  `size_id` bigint NOT NULL,
  `color` varchar(255) COLLATE utf8mb4_unicode_ci NOT NULL,
  `stock` int NOT NULL DEFAULT '0',
  `price` decimal(12,2) NOT NULL,
  `created_at` timestamp NULL DEFAULT CURRENT_TIMESTAMP,
  `updated_at` timestamp NULL DEFAULT CURRENT_TIMESTAMP ON UPDATE CURRENT_TIMESTAMP,
  PRIMARY KEY (`id`),
  KEY `product_id` (`product_id`),
  KEY `size_id` (`size_id`),
  CONSTRAINT `product_variants_ibfk_1` FOREIGN KEY (`product_id`) REFERENCES `products` (`id`) ON DELETE CASCADE,
  CONSTRAINT `product_variants_ibfk_2` FOREIGN KEY (`size_id`) REFERENCES `sizes` (`id`) ON DELETE CASCADE
) ENGINE=InnoDB AUTO_INCREMENT=4 DEFAULT CHARSET=utf8mb4 COLLATE=utf8mb4_unicode_ci;
/*!40101 SET character_set_client = @saved_cs_client */;

--
-- Dumping data for table `product_variants`
--

LOCK TABLES `product_variants` WRITE;
/*!40000 ALTER TABLE `product_variants` DISABLE KEYS */;
INSERT INTO `product_variants` VALUES (2,3,1,'─Éen',98,299000.00,'2026-05-28 11:18:18','2026-05-28 15:40:20'),(3,3,1,'─Éen',100,299000.00,'2026-05-28 11:31:39','2026-05-28 11:31:39');
/*!40000 ALTER TABLE `product_variants` ENABLE KEYS */;
UNLOCK TABLES;

--
-- Table structure for table `products`
--

DROP TABLE IF EXISTS `products`;
/*!40101 SET @saved_cs_client     = @@character_set_client */;
/*!50503 SET character_set_client = utf8mb4 */;
CREATE TABLE `products` (
  `id` bigint NOT NULL AUTO_INCREMENT,
  `name` varchar(200) COLLATE utf8mb4_unicode_ci NOT NULL,
  `slug` varchar(250) COLLATE utf8mb4_unicode_ci NOT NULL,
  `description` text COLLATE utf8mb4_unicode_ci,
  `brand` varchar(100) COLLATE utf8mb4_unicode_ci DEFAULT NULL,
  `is_active` tinyint(1) DEFAULT '1',
  `category_id` bigint NOT NULL,
  `created_at` timestamp NULL DEFAULT CURRENT_TIMESTAMP,
  `updated_at` timestamp NULL DEFAULT CURRENT_TIMESTAMP ON UPDATE CURRENT_TIMESTAMP,
  `image_url` varchar(500) COLLATE utf8mb4_unicode_ci DEFAULT NULL,
  PRIMARY KEY (`id`),
  UNIQUE KEY `slug` (`slug`),
  KEY `category_id` (`category_id`),
  CONSTRAINT `products_ibfk_1` FOREIGN KEY (`category_id`) REFERENCES `categories` (`id`) ON DELETE RESTRICT
) ENGINE=InnoDB AUTO_INCREMENT=5 DEFAULT CHARSET=utf8mb4 COLLATE=utf8mb4_unicode_ci;
/*!40101 SET character_set_client = @saved_cs_client */;

--
-- Dumping data for table `products`
--

LOCK TABLES `products` WRITE;
/*!40000 ALTER TABLE `products` DISABLE KEYS */;
INSERT INTO `products` VALUES (3,'├üo Thun Nike','o-thun-nike','├üo thun thß╗ā thao cao cß║źp',NULL,0,6,'2026-05-27 12:41:52','2026-05-31 12:43:23',NULL),(4,'├üo Thun Nike Dri-FIT Pro','o-thun-nike-dri-fit-pro','Phi├¬n bß║Żn n├óng cß║źp','Nike',1,8,'2026-05-31 12:36:44','2026-05-31 12:42:11',NULL);
/*!40000 ALTER TABLE `products` ENABLE KEYS */;
UNLOCK TABLES;

--
-- Table structure for table `refresh_tokens`
--

DROP TABLE IF EXISTS `refresh_tokens`;
/*!40101 SET @saved_cs_client     = @@character_set_client */;
/*!50503 SET character_set_client = utf8mb4 */;
CREATE TABLE `refresh_tokens` (
  `id` bigint NOT NULL AUTO_INCREMENT,
  `token` varchar(255) COLLATE utf8mb4_unicode_ci NOT NULL,
  `expiry_date` datetime NOT NULL,
  `user_id` bigint NOT NULL,
  `revoked` tinyint(1) DEFAULT '0',
  PRIMARY KEY (`id`),
  UNIQUE KEY `token` (`token`),
  KEY `user_id` (`user_id`),
  CONSTRAINT `refresh_tokens_ibfk_1` FOREIGN KEY (`user_id`) REFERENCES `users` (`id`) ON DELETE CASCADE
) ENGINE=InnoDB AUTO_INCREMENT=33 DEFAULT CHARSET=utf8mb4 COLLATE=utf8mb4_unicode_ci;
/*!40101 SET character_set_client = @saved_cs_client */;

--
-- Dumping data for table `refresh_tokens`
--

LOCK TABLES `refresh_tokens` WRITE;
/*!40000 ALTER TABLE `refresh_tokens` DISABLE KEYS */;
INSERT INTO `refresh_tokens` VALUES (25,'452deb32-b36c-4800-b140-9598e075a9f9','2026-06-06 13:01:03',4,0),(32,'455e6fac-8422-40da-b85c-cb82b5ebb8fa','2026-06-07 12:35:12',3,0);
/*!40000 ALTER TABLE `refresh_tokens` ENABLE KEYS */;
UNLOCK TABLES;

--
-- Table structure for table `roles`
--

DROP TABLE IF EXISTS `roles`;
/*!40101 SET @saved_cs_client     = @@character_set_client */;
/*!50503 SET character_set_client = utf8mb4 */;
CREATE TABLE `roles` (
  `id` bigint NOT NULL AUTO_INCREMENT,
  `name` varchar(50) COLLATE utf8mb4_unicode_ci NOT NULL,
  `description` varchar(255) COLLATE utf8mb4_unicode_ci DEFAULT NULL,
  PRIMARY KEY (`id`),
  UNIQUE KEY `name` (`name`)
) ENGINE=InnoDB AUTO_INCREMENT=4 DEFAULT CHARSET=utf8mb4 COLLATE=utf8mb4_unicode_ci;
/*!40101 SET character_set_client = @saved_cs_client */;

--
-- Dumping data for table `roles`
--

LOCK TABLES `roles` WRITE;
/*!40000 ALTER TABLE `roles` DISABLE KEYS */;
INSERT INTO `roles` VALUES (1,'ROLE_CUSTOMER','Default role: ROLE_CUSTOMER'),(2,'ROLE_ADMIN','Default role: ROLE_ADMIN'),(3,'ROLE_STAFF','Default role: ROLE_STAFF');
/*!40000 ALTER TABLE `roles` ENABLE KEYS */;
UNLOCK TABLES;

--
-- Table structure for table `sizes`
--

DROP TABLE IF EXISTS `sizes`;
/*!40101 SET @saved_cs_client     = @@character_set_client */;
/*!50503 SET character_set_client = utf8mb4 */;
CREATE TABLE `sizes` (
  `id` bigint NOT NULL AUTO_INCREMENT,
  `name` varchar(20) COLLATE utf8mb4_unicode_ci NOT NULL,
  `description` varchar(255) COLLATE utf8mb4_unicode_ci DEFAULT NULL,
  PRIMARY KEY (`id`),
  UNIQUE KEY `name` (`name`)
) ENGINE=InnoDB AUTO_INCREMENT=7 DEFAULT CHARSET=utf8mb4 COLLATE=utf8mb4_unicode_ci;
/*!40101 SET character_set_client = @saved_cs_client */;

--
-- Dumping data for table `sizes`
--

LOCK TABLES `sizes` WRITE;
/*!40000 ALTER TABLE `sizes` DISABLE KEYS */;
INSERT INTO `sizes` VALUES (1,'S','K├Łch cß╗Ī S'),(2,'M','K├Łch cß╗Ī M'),(3,'L','K├Łch cß╗Ī L'),(4,'XL','K├Łch cß╗Ī XL'),(5,'XXL','K├Łch cß╗Ī XXL'),(6,'FreeSize','K├Łch cß╗Ī FreeSize');
/*!40000 ALTER TABLE `sizes` ENABLE KEYS */;
UNLOCK TABLES;

--
-- Table structure for table `user_roles`
--

DROP TABLE IF EXISTS `user_roles`;
/*!40101 SET @saved_cs_client     = @@character_set_client */;
/*!50503 SET character_set_client = utf8mb4 */;
CREATE TABLE `user_roles` (
  `user_id` bigint NOT NULL,
  `role_id` bigint NOT NULL,
  PRIMARY KEY (`user_id`,`role_id`),
  KEY `role_id` (`role_id`),
  CONSTRAINT `user_roles_ibfk_1` FOREIGN KEY (`user_id`) REFERENCES `users` (`id`),
  CONSTRAINT `user_roles_ibfk_2` FOREIGN KEY (`role_id`) REFERENCES `roles` (`id`)
) ENGINE=InnoDB DEFAULT CHARSET=utf8mb4 COLLATE=utf8mb4_unicode_ci;
/*!40101 SET character_set_client = @saved_cs_client */;

--
-- Dumping data for table `user_roles`
--

LOCK TABLES `user_roles` WRITE;
/*!40000 ALTER TABLE `user_roles` DISABLE KEYS */;
INSERT INTO `user_roles` VALUES (4,1),(3,2),(5,2);
/*!40000 ALTER TABLE `user_roles` ENABLE KEYS */;
UNLOCK TABLES;

--
-- Table structure for table `users`
--

DROP TABLE IF EXISTS `users`;
/*!40101 SET @saved_cs_client     = @@character_set_client */;
/*!50503 SET character_set_client = utf8mb4 */;
CREATE TABLE `users` (
  `id` bigint NOT NULL AUTO_INCREMENT,
  `username` varchar(50) COLLATE utf8mb4_unicode_ci NOT NULL,
  `email` varchar(100) COLLATE utf8mb4_unicode_ci NOT NULL,
  `password` varchar(255) COLLATE utf8mb4_unicode_ci NOT NULL,
  `phone` varchar(255) COLLATE utf8mb4_unicode_ci DEFAULT NULL,
  `created_at` timestamp NULL DEFAULT CURRENT_TIMESTAMP,
  `address` varchar(255) COLLATE utf8mb4_unicode_ci DEFAULT NULL,
  `enabled` bit(1) NOT NULL,
  `full_name` varchar(255) COLLATE utf8mb4_unicode_ci DEFAULT NULL,
  PRIMARY KEY (`id`),
  UNIQUE KEY `username` (`username`),
  UNIQUE KEY `email` (`email`)
) ENGINE=InnoDB AUTO_INCREMENT=6 DEFAULT CHARSET=utf8mb4 COLLATE=utf8mb4_unicode_ci;
/*!40101 SET character_set_client = @saved_cs_client */;

--
-- Dumping data for table `users`
--

LOCK TABLES `users` WRITE;
/*!40000 ALTER TABLE `users` DISABLE KEYS */;
INSERT INTO `users` VALUES (3,'admin2','admin2@sportswear.com','$2a$12$cjj4wn.3erkTxQmFGXdjMuo7w8vgCqimbkXrqGglkEpglatDOGqbi','0999999999','2026-05-26 08:31:03','TP.HCM',_binary '','Admin Sportswear'),(4,'khai123','khai@gmail.com','$2a$12$Pg3AJvsxUZt1NZFlBVq4TeQ41c28i7UmGU..5gWc7gAtwELFSRucm','0987654321','2026-05-27 12:17:10','Quß║Łn 3, TP.HCM Updated',_binary '','Huß╗│nh Trß╗Źng Khß║Żi '),(5,'admin','admin@sportswear.com','$2a$12$jLDgL3oy.QNCWYy0GNja1.6C4b2C4G6EO10Dotf.wP24.rJ4auL7O',NULL,'2026-06-04 12:08:54',NULL,_binary '','System Admin');
/*!40000 ALTER TABLE `users` ENABLE KEYS */;
UNLOCK TABLES;
/*!40103 SET TIME_ZONE=@OLD_TIME_ZONE */;

/*!40101 SET SQL_MODE=@OLD_SQL_MODE */;
/*!40014 SET FOREIGN_KEY_CHECKS=@OLD_FOREIGN_KEY_CHECKS */;
/*!40014 SET UNIQUE_CHECKS=@OLD_UNIQUE_CHECKS */;
/*!40101 SET CHARACTER_SET_CLIENT=@OLD_CHARACTER_SET_CLIENT */;
/*!40101 SET CHARACTER_SET_RESULTS=@OLD_CHARACTER_SET_RESULTS */;
/*!40101 SET COLLATION_CONNECTION=@OLD_COLLATION_CONNECTION */;
/*!40111 SET SQL_NOTES=@OLD_SQL_NOTES */;

-- Dump completed on 2026-06-04 22:38:23
